{
  "timestamp": "20260329_063936",
  "latent_dim": 16,
  "epochs": 100,
  "batch_size": 64,
  "topo_weight": 0.5,
  "distance_metric": "cosine",
  "val_split": 0.2,
  "best_epoch": 99,
  "best_val_loss": 2360.131284652218,
  "best_val_recon": 2360.1046142578125,
  "best_val_topo": 0.05337138329782794,
  "final_train_loss": 2486.042234359249,
  "final_train_recon": 2486.0174028950355,
  "final_train_topo": 0.0496600610204041,
  "final_val_loss": 2425.973435924899,
  "final_val_recon": 2425.947009671119,
  "final_val_topo": 0.052851248292192336,
  "final_clf_metrics": {
    "accuracy": 0.9252147549267307,
    "auc": 0.8003334521581558,
    "f1": 0.9611548556430446,
    "precision": 0.9256825075834176,
    "recall": 0.9994541484716157
  }
}