{
  "timestamp": "20260329_070416",
  "latent_dim": 64,
  "epochs": 100,
  "batch_size": 64,
  "topo_weight": 0.5,
  "distance_metric": "cosine",
  "val_split": 0.2,
  "best_epoch": 99,
  "best_val_loss": 2409.167256016885,
  "best_val_recon": 2409.140967584425,
  "best_val_topo": 0.05257361526450803,
  "final_train_loss": 2480.943064043599,
  "final_train_recon": 2480.916530486076,
  "final_train_topo": 0.0530831495510234,
  "final_val_loss": 2418.3072549143144,
  "final_val_recon": 2418.2768475932457,
  "final_val_topo": 0.060782116146818284,
  "final_clf_metrics": {
    "accuracy": 0.9277412834765033,
    "auc": 0.8118037608056323,
    "f1": 0.9623783214943435,
    "precision": 0.9288979177247334,
    "recall": 0.9983624454148472
  }
}