{
  "timestamp": "20260325_212206",
  "latent_dim": 64,
  "epochs": 100,
  "batch_size": 64,
  "topo_weight": 0.5,
  "val_split": 0.2,
  "best_epoch": 100,
  "best_val_loss": 2460.826888545867,
  "best_val_recon": 2460.788771106351,
  "best_val_topo": 0.07623550403983362,
  "final_train_loss": 2475.190118605091,
  "final_train_recon": 2475.1522482595137,
  "final_train_topo": 0.07572565041482449,
  "final_val_loss": 2460.826888545867,
  "final_val_recon": 2460.788771106351,
  "final_val_topo": 0.07623550403983362,
  "final_clf_metrics": {
    "accuracy": 0.9302678120262758,
    "auc": 0.8661958233074889,
    "f1": 0.9635306553911205,
    "precision": 0.9339139344262295,
    "recall": 0.9950873362445415
  }
}