{
  "timestamp": "20260325_212922",
  "latent_dim": 32,
  "epochs": 100,
  "batch_size": 64,
  "topo_weight": 0.5,
  "val_split": 0.2,
  "best_epoch": 100,
  "best_val_loss": 2421.0801765688,
  "best_val_recon": 2421.038562405494,
  "best_val_topo": 0.0832123194010027,
  "final_train_loss": 2482.604299237651,
  "final_train_recon": 2482.5623168945312,
  "final_train_topo": 0.0839656765362428,
  "final_val_loss": 2421.0801765688,
  "final_val_recon": 2421.038562405494,
  "final_val_topo": 0.0832123194010027,
  "final_clf_metrics": {
    "accuracy": 0.9297625063163214,
    "auc": 0.8299393993405222,
    "f1": 0.9634114240589629,
    "precision": 0.9303507880020335,
    "recall": 0.9989082969432315
  }
}